{"p": 0.5224514140060675, "lr": 0.000775797223876935, "n_epochs": 41, "batch_size": 64, "weight_decay": 0.04453415571734414}